{
    "id":"e8a093d9-c546-4801-85b2-837ced648877",
    "ts":"2019-11-17 18:07:52.153000+0000",
    "author":"JP",
    "content":"me gusta",
    "video_id":"30c7da9c-c116-42cb-924d-d138fa3ceef9"
}
{
    "id":"e4f999bc-16ac-4b80-929d-f1664d50b3c0",
    "ts":"2019-11-17 18:08:59.569000+0000 ",
    "author":"MzN",
    "content":"hola hola",
    "video_id":"e7bc07b3-c2fe-41b2-bd9f-77bba226db37"
}
{
    "id":"cc5a23a2-6bb9-4950-89c8-80854c6cb1e8 ",
    "ts":"2019-11-17 18:11:15.770000+0000 ",
    "author":"MzN",
    "content":"welp welp",
    "video_id":"30c7da9c-c116-42cb-924d-d138fa3ceef9"
}
{
    "id":"182d093b-1e1b-4fd1-a540-c476f32c75a5",
    "ts":"2019-11-17 18:08:35.073000+0000",
    "author":"JP",
    "content":"smh",
    "video_id":"30c7da9c-c116-42cb-924d-d138fa3ceef9"
}